3,29,lAC-574
8,4,qKA-547
15,4,hiw-391
16,62,huq-444
20,13,pfn-952
24,75,BcP-495
27,23,pPZ-322
39,11,GVU-853
40,65,qjz-994
46,4,VWz-554
49,30,uWY-676
50,10,ovF-059
55,8,wJW-300
56,14,vGh-992
65,60,ncb-116
68,97,eEq-945
78,64,Tfv-047
80,42,VRL-709
91,14,yzN-746
94,16,Vsi-645
100,84,Fub-755
109,39,NUX-664
111,54,MWA-211
116,31,AOq-215
122,90,wrY-072
124,32,KCx-766
128,97,fti-117
129,84,EJs-626
143,9,pGh-561
145,7,Lgv-936
149,70,ktt-615
155,38,dlD-431
165,25,nZA-096
169,58,qAd-230
173,19,rVv-022
183,59,TxY-104
185,83,xmm-285
186,12,BDo-744
192,95,oPB-084
196,67,XYA-381
198,79,uuj-421
209,43,qRR-628
212,92,pnj-207
239,49,mfN-939
255,66,EcT-094
274,57,nRl-526
278,46,AeS-106
286,2,bkS-850
289,29,App-349
291,74,LrC-956
297,85,xjI-221
303,58,nLy-062
306,34,PNl-165
307,36,IMN-853
313,58,nCx-857
317,5,fZk-689
325,5,uAh-045
333,51,iRC-040
334,96,PsW-230
338,54,gBi-493
348,35,fBG-319
350,68,CdK-863
354,80,eXu-289
359,92,HhD-489
367,40,Wvx-716
374,39,Qxn-192
378,11,qVP-237
379,71,zyQ-788
380,47,laq-588
386,88,krZ-888
387,26,trr-117
392,92,HgS-503
396,54,unB-509
399,82,shG-620
409,81,SLe-961
410,66,kxZ-903
417,71,qYV-316
427,14,fbi-773
432,30,fPI-806
433,28,svE-153
435,96,uZH-058
437,87,XRm-171
444,74,JnX-554
445,17,DRF-223
447,62,wGP-385
450,64,seN-518
453,86,omE-005
454,9,wrB-040
468,5,OuK-137
470,21,Zpd-756
474,78,HUZ-776
478,65,pgQ-890
479,42,Dpg-817
490,14,DCB-203
491,4,HDp-877
496,87,cwx-451
498,21,qSp-911
517,6,XMJ-227
520,6,FpX-375
523,19,zRQ-943
524,21,xYy-820
530,84,yQT-819
534,59,Ide-679
541,96,ZpU-761
543,62,qBx-666
548,35,SuQ-111
550,90,Jlk-511
551,16,Rvs-175
564,39,LUB-267
570,55,hmR-407
580,10,xrR-998
585,22,jEC-446
586,76,lwI-975
588,48,PBP-376
589,77,hQS-669
608,70,CCo-487
609,63,hCF-356
610,92,ITy-383
617,65,Zvo-164
628,33,qca-094
637,31,ipq-859
643,67,KrT-584
656,60,ipn-682
657,20,fDJ-688
660,49,DFK-669
668,16,gVw-871
669,80,fkP-648
677,11,ksa-623
678,25,xAA-297
682,22,vWL-174
685,63,yEb-225
690,84,Yhx-723
706,3,Nup-340
715,77,Oli-026
729,20,BZE-596
732,73,yoZ-669
735,23,Vuc-659
741,6,fRy-808
744,62,OVs-053
746,52,OMe-763
747,72,Dca-712
760,7,Olk-956
776,33,Vyz-530
777,60,gdz-389
782,18,zjC-859
783,34,XYO-281
784,16,Cum-583
785,98,JxN-646
787,42,cDt-206
805,88,YEM-257
808,57,wrU-431
810,49,zdX-922
818,70,EZr-589
820,3,GZA-140
829,37,FEX-680
832,34,Gfu-087
842,98,EMM-545
851,43,Rqp-543
853,50,bHl-046
854,73,ITE-347
857,33,RHP-290
858,10,mEL-949
860,44,yHH-884
863,80,jWL-757
867,95,drN-954
872,85,Gjr-522
884,17,lrM-908
890,20,xYS-358
893,11,Zil-662
897,42,oZr-276
898,7,UOw-111
904,76,iFs-053
905,90,fLY-867
918,64,xgP-524
921,70,Anr-635
925,83,ApK-016
929,80,Uki-869
931,90,VnK-817
932,33,DpL-379
936,38,FAd-140
937,60,OgI-931
950,30,eNS-817
951,53,sAx-149
954,84,vFo-577
958,82,GTp-946
968,84,mBi-231
970,64,Olp-332
972,21,oGq-478
981,76,Gsg-840
984,19,KKL-057
988,70,bHg-411
1004,78,ISa-199
1005,48,iQi-125
1014,82,nhj-134
1021,5,xIu-927
1023,56,Dsd-356
1024,15,zzn-256
1025,65,mvZ-185
1028,45,gpq-174
1030,93,FLK-661
1033,35,pGL-589
1034,7,ewl-173
1038,22,xKZ-860
1039,40,Qpc-849
1044,65,ePS-067
1050,65,PcK-976
1056,17,xCD-115
1060,88,nIw-686
1062,37,Yrp-751
1064,95,CkN-287
1068,3,JNp-569
1069,50,xWT-751
1077,44,Wdh-415
1082,20,Tkc-080
1084,44,ghf-077
1092,10,Lrk-417
1094,48,aRU-326
1097,4,Xqg-445
1111,40,Gtp-446
1114,58,RLC-138
1116,34,Phz-307
1118,7,WSv-675
1121,11,KQg-683
1123,13,Wni-437
1126,76,Yqs-760
1135,97,rlM-375
1136,55,XhM-025
1138,87,suj-565
1140,93,seV-657
1141,84,Lsk-982
1144,46,XqC-753
1150,85,lCV-709
1156,39,XKN-714
1157,6,ebX-349
1162,98,IgV-714
1164,73,CYQ-887
1167,70,pOy-624
1170,10,CFk-573
1173,48,YoN-415
1182,39,ERA-597
1196,52,hkH-930
1198,74,DzJ-068
1199,32,GUN-008
1200,41,sGH-382
1205,65,PAG-362
1206,10,KJD-814
1212,8,lUZ-841
1219,44,bti-755
1225,34,oTZ-589
1233,56,yKO-118
1238,16,HOU-957
1245,90,AOx-613
1246,5,Hwz-230
1249,48,hqM-176
1252,65,cuI-871
1262,44,UHB-685
1267,93,hvN-728
1271,82,NBQ-321
1275,72,cub-326
1278,70,tXN-439
1292,94,hqQ-395
1296,18,xzk-253
1298,75,TYs-019
1299,44,EMx-969
1302,80,SXM-895
1308,63,hgT-738
1312,78,OBm-949
1313,78,YPs-852
1315,43,TCa-646
1316,69,MAr-988
1325,16,pjl-565
1336,63,uLS-938
1338,25,ISq-769
1340,58,pvQ-038
1353,9,UJr-607
1356,80,GzX-325
1360,15,wKa-231
1366,27,LFv-706
1378,58,sep-489
1398,35,itL-675
1399,84,Wlg-607
1405,65,qhA-521
1418,5,LdE-136
1437,77,QIx-171
1443,18,VXj-142
1446,45,Aup-634
1454,69,dCF-385
1456,13,GiL-448
1459,72,CLi-563
1460,42,tXu-882
1464,12,wAf-706
1466,68,utK-434
1467,83,ZZk-620
1485,62,fqv-610
1486,78,DAi-938
1487,11,guH-708
1499,48,BZj-775
1500,57,Vgq-695
1502,99,hTr-562
1506,40,Odm-452
1509,53,FuK-050
1519,53,Npt-219
1522,90,zHm-736
1529,19,jhN-313
1532,10,kIV-755
1538,80,zvT-885
1539,52,FIH-513
1546,74,hqJ-171
1547,32,Vol-023
1548,55,Dtl-079
1551,36,wlY-103
1566,27,HZs-333
1567,68,FoX-499
1571,77,OzR-680
1574,74,uoY-665
1575,22,ysj-399
1577,44,GqX-048
1579,28,XjR-332
1581,42,hlr-489
1585,31,zdj-294
1587,15,YhL-047
1590,44,wQK-136
1593,100,GLI-118
1599,100,MKW-186
1605,11,Tbv-346
1606,41,yFs-307
1607,80,kYt-309
1608,97,jqV-381
1611,19,NrD-427
1613,81,vEh-872
1616,85,Vxl-328
1618,15,PwV-893
1619,62,yJy-493
1624,95,SQO-135
1632,3,Tyq-682
1634,64,GYe-423
1642,27,pOa-131
1647,71,CnH-725
1650,53,lAT-768
1654,90,bLs-254
1658,87,Fug-353
1666,62,NgB-035
1673,23,RDg-783
1695,8,KhR-314
1696,85,Ayx-450
1700,17,yfs-766
1701,44,Fpw-190
1704,83,GiQ-395
1705,91,YuR-015
1710,69,qKV-840
1711,38,Rfl-176
1712,12,zod-754
1719,79,KGp-444
1721,7,YYm-855
1723,48,WPz-682
1728,96,LgF-594
1731,21,uAD-730
1733,9,qnR-182
1736,82,CFU-021
1737,67,hAt-509
1739,74,urz-771
1751,84,Bvx-901
1755,80,GyA-560
1781,90,VBq-206
1791,19,sZC-454
1793,31,IZL-923
1795,10,Zsz-174
1798,84,Zrc-373
1800,17,UXR-845
1812,42,iUP-266
1822,100,PCk-165
1842,82,MIT-949
1849,19,Ion-438
1851,2,Clk-829
1857,92,ZIk-826
1869,49,dBk-800
1874,64,SDD-956
1875,35,EvB-377
1880,27,lRK-117
1886,90,Jcu-828
1888,76,qPR-878
1889,39,hQi-121
1890,26,rkJ-045
1891,46,crl-990
1892,63,gUL-881
1897,59,mDm-294
1898,77,vwa-762
1906,70,FEJ-631
1910,84,cKe-622
1913,87,GXl-319
1915,56,Sqp-924
1916,8,MSm-961
1919,57,GWC-351
1931,9,Izk-241
1945,48,VVK-733
1950,24,sQc-666
1954,5,pMt-756
1960,85,psg-310
1963,12,WRI-944
1965,47,YHo-079
1969,68,kSg-933
1973,39,HLb-625
1981,31,zDF-697
1985,44,kLH-873
1991,55,Jku-577
1993,80,Avm-690
1999,88,bMO-143
2000,31,Nqs-573
2010,71,FKK-558
2020,7,gVb-310
2040,5,rBU-969
2046,52,Djz-356
2050,22,SYk-065
2054,4,mPP-352
2061,99,HZs-509
2065,67,vHD-983
2069,66,DUx-820
2074,12,rLG-152
2083,44,XXq-947
2084,62,QcT-796
2087,8,cKb-379
2091,60,UJz-727
2100,56,Qbw-378
2108,27,gea-907
2111,30,qpv-945
2113,57,ogA-601
2125,79,tTJ-996
2132,91,ljg-086
2136,27,BUz-564
2137,56,xec-554
2142,37,duX-512
2148,15,hDr-265
2150,23,vGz-014
2151,22,UrQ-513
2159,2,Mji-269
2163,97,FRp-452
2188,13,GkD-256
2190,20,rAf-841
2194,73,oEl-548
2216,93,puP-485
2221,20,mDL-307
2229,93,rjb-263
2237,60,nFk-784
2238,73,elg-727
2245,3,kdN-184
2246,9,uHk-380
2249,19,pyA-395
2273,74,gQf-471
2274,12,kTH-888
2308,40,soJ-211
2313,26,sjq-256
2316,64,jqo-132
2323,50,FBo-207
2332,39,pJT-373
2334,39,AHT-798
2341,69,lKD-841
2352,47,LrF-355
2376,55,XOZ-675
2382,39,quI-441
2389,22,Vge-790
2403,48,iTf-278
2406,61,rQy-119
2407,82,gKq-480
2408,55,HKp-458
2414,13,Gdh-372
2415,45,yqu-340
2429,39,CWW-868
2430,67,Wkm-814
2431,48,aqy-056
2432,34,lml-198
2447,98,NRF-658
2457,95,SSW-184
2458,57,uuz-671
2460,15,mrI-526
2461,85,kRy-194
2465,79,XUM-270
2473,27,Dvn-726
2481,42,qOF-062
2485,78,CKJ-333
2490,23,INk-536
2499,49,Hfc-081
2513,2,MgZ-409
2515,40,yfV-281
2521,36,Wvb-797
2531,97,OKu-246
2542,18,eTs-824
2545,52,Oei-015
2546,61,jaD-138
2547,30,sHO-061
2548,70,xNI-667
2551,22,kpf-719
2552,64,Bdw-158
2553,20,ZXI-562
2554,44,bpI-764
2555,13,rPV-177
2561,100,Kly-070
2562,23,klC-485
2568,99,nwU-311
2571,35,KUe-621
2586,24,ljl-981
2589,24,SdD-052
2591,81,xMB-900
2595,94,hcj-095
2612,65,qxQ-445
2618,5,EXG-263
2619,11,qTu-591
2627,81,abt-207
2629,52,pSE-994
2633,98,Xys-114
2646,12,cPT-637
2648,61,Yrr-273
2650,60,jZA-139
2651,50,wjz-218
2675,81,pBt-159
2677,99,KUw-549
2679,79,Bbe-271
2682,20,dMq-940
2687,74,lLG-897
2688,39,DXD-926
2696,38,yIe-726
2698,24,BYk-126
2706,20,lmQ-918
2715,41,lHV-542
2724,48,Ybb-726
2727,61,nHi-391
2728,41,lzu-432
2734,29,hJl-460
2736,61,Epr-331
2739,80,KVj-233
2742,9,oHn-619
2753,1,Zei-843
2761,62,zpg-959
2765,63,iJR-809
2768,77,EcN-345
2770,45,uVt-463
2777,72,LPn-439
2783,28,eBK-444
2785,83,kto-549
2787,75,hoA-578
2797,84,Cym-138
2799,2,mgU-928
2802,31,Kup-410
2820,44,hNe-952
2821,94,QNZ-755
2824,78,YDQ-291
2825,8,fRT-879
2827,90,Asr-803
2840,5,MJX-713
2851,21,TmB-575
2853,27,cje-800
2856,32,TWY-567
2858,93,zfx-703
2869,61,waK-593
2872,46,aBD-762
2873,38,VgZ-615
2874,15,xwg-166
2884,63,peB-961
2885,31,mxV-823
2888,87,ciF-728
2889,44,rzA-275
2894,53,gzK-822
2900,53,gTP-921
2903,94,Zmn-541
2904,35,FLO-443
2914,89,uIW-125
2915,23,KWz-646
2917,2,gBD-799
2927,59,vdI-544
2931,53,AnO-856
2936,52,iqd-497
2939,59,TJr-197
2953,17,jUZ-190
2963,91,VFo-785
2965,43,puT-468
2969,44,UFO-494
2972,41,QXl-898
2974,15,nXN-600
2975,86,jGu-086
2981,5,jPZ-792
2984,81,ASk-908
2993,2,pge-903
3000,95,piY-770
3001,78,wfL-848
3010,75,Hdd-042
3012,16,keZ-071
3014,20,ySG-473
3015,24,qQo-779
3018,50,FAq-513
3023,23,MFk-900
3025,10,amP-654
3028,72,DrQ-586
3030,73,xzQ-622
3033,15,KZn-759
3034,95,Cpq-117
3035,29,xvx-294
3040,31,EAA-555
3041,39,qhq-788
3051,57,KmU-450
3054,51,wTw-621
3055,44,nSU-575
3056,77,IIs-140
3067,76,yJW-816
3068,95,cpG-888
3077,5,QGO-802
3081,100,fUL-742
3093,64,GWx-786
3094,64,bNN-926
3095,53,Lad-130
3096,99,FDL-754
3100,79,rMy-153
3121,46,mkR-889
3123,2,eJz-998
3124,2,Txb-235
3128,44,AFT-200
3131,41,xsL-710
3134,11,jUo-034
3141,84,Wmy-640
3150,38,LnN-418
3158,31,vjx-107
3166,69,ZSS-062
3168,53,RHg-438
3169,100,btw-145
3170,82,pZS-839
3184,81,RYd-166
3185,50,Cps-379
3197,43,MIQ-629
3200,18,kCE-607
3203,98,rkB-938
3204,93,vVy-800
3207,22,fxn-165
3210,55,tvj-388
3212,87,xoO-530
3215,35,CUV-290
3218,60,vde-132
3242,28,USV-411
3246,79,frV-730
3247,41,PLu-907
3255,41,RuH-333
3259,99,sXb-899
3260,55,FWz-914
3261,46,DQC-328
3262,15,YXw-721
3264,83,UnV-738
3268,74,WWL-755
3270,100,Vea-679
3275,81,Kzx-811
3292,36,hCV-290
3300,34,Woi-734
3305,61,VWO-872
3321,12,mDl-064
3323,21,tyP-378
3348,55,xJP-985
3349,37,WKl-742
3350,20,wqH-166
3354,38,aGa-458
3359,34,fjR-892
3364,75,Dfu-478
3365,40,HMt-102
3367,86,TxY-094
3375,41,vxd-800
3376,69,pXC-103
3379,57,GYa-177
3385,50,jdF-081
3406,32,EiV-800
3409,76,ogz-343
3415,6,khr-237
3416,11,zwI-548
3418,93,uEc-636
3419,65,EKH-695
3421,16,RmE-723
3427,34,jkT-718
3430,37,zAs-049
3442,41,OEc-870
3443,75,ETz-425
3444,42,qAx-486
3456,64,ONt-008
3460,27,Fgp-816
3461,96,tRW-788
3462,4,LXs-910
3472,46,apY-697
3476,7,rMi-070
3481,40,Sgx-490
3483,25,eNE-035
3485,36,dhD-416
3488,7,Jkk-784
3491,73,sDX-527
3493,60,xux-115
3497,25,BCv-959
3504,7,ZaI-802
3516,43,OWM-591
3517,70,BRi-262
3518,46,LUA-134
3524,20,asZ-815
3527,59,WuB-025
3536,1,QuY-882
3538,58,hvh-642
3542,87,tgd-425
3547,24,vwK-150
3552,25,FZc-495
3560,64,lSd-091
3561,9,ptA-634
3568,100,zLi-528
3570,82,ynj-462
3572,58,aNb-330
3576,24,bZv-539
3577,10,Mki-535
3578,57,fUo-142
3582,19,YgW-385
3584,4,XXl-585
3588,41,igb-960
3591,83,LHT-796
3599,95,bIT-291
3602,25,Adf-570
3604,41,Kmn-969
3607,13,haB-195
3610,30,WQX-204
3611,3,PBg-088
3612,59,oGH-890
3623,46,WOH-170
3629,81,yRk-852
3635,63,GqP-330
3642,16,ENU-478
3653,3,oCU-151
3654,96,Dne-542
3655,25,poj-963
3660,72,WNO-001
3664,61,Hjt-684
3678,69,Wfr-874
3679,1,xNR-716
3680,47,uNU-566
3685,19,KAX-312
3687,68,Yqs-260
3688,79,VkC-162
3708,4,GPA-581
3710,65,tBr-403
3711,92,Vuj-977
3720,50,pIz-934
3730,58,RjY-183
3732,13,uDc-301
3735,21,mKX-920
3740,82,nqO-842
3741,88,Tec-955
3743,4,leI-313
3748,16,dLM-138
3753,24,yxx-766
3758,25,TST-264
3767,32,nrX-996
3771,67,Xuj-837
3773,54,lRS-319
3775,57,Hcj-577
3777,48,IeH-768
3786,41,KUu-171
3789,99,mAl-167
3790,89,uZe-513
3800,64,Zko-955
3805,62,ypP-655
3806,32,wKx-317
3823,64,ehJ-693
3838,91,uhq-060
3842,41,IQJ-780
3847,58,czo-467
3848,92,hHz-296
3849,30,vkf-694
3855,38,vHr-770
3856,39,vac-625
3857,68,FAn-369
3859,33,EPo-778
3860,51,Nlw-303
3862,82,FfF-875
3872,3,gAG-692
3873,96,xty-733
3877,34,qIF-152
3878,93,ZOn-254
3882,99,WUy-397
3883,47,Xid-127
3895,62,EGh-400
3898,26,GXh-678
3899,61,ZuQ-225
3903,61,Ucf-465
3914,97,ToJ-542
3915,9,KSI-306
3922,73,zGr-674
3926,8,lwx-979
3928,98,kdG-012
3940,65,Ryx-308
3941,78,gWw-047
3953,86,csf-515
3959,74,GoJ-837
3966,2,tIH-288
3969,74,BNY-827
3974,77,oTv-847
3980,1,Gix-238
3984,54,HKZ-115
3987,30,UZN-007
3989,16,ZXM-811
3993,98,bWB-086
3994,4,hev-929
4002,7,Uad-303
4003,37,nJK-087
4015,19,Vhi-507
4017,32,ebA-823
4018,86,fDL-861
4027,47,ifu-757
4032,38,kVN-905
4033,53,wul-365
4042,89,iZb-747
4046,1,LGa-002
4047,94,mds-528
4049,66,qxE-539
4050,64,PCC-051
4057,27,OBS-098
4059,42,yhh-534
4065,55,YVr-792
4068,49,Qfb-470
4069,39,Pke-547
4080,55,TBz-525
4087,18,lKD-393
4098,72,tXl-635
4107,81,geh-943
4108,66,AoY-281
4116,33,ouw-330
4129,60,Aqj-032
4133,95,xVw-023
4148,64,Yix-085
4154,62,PKA-476
4157,13,AIW-755
4162,21,mEh-235
4163,81,sDx-921
4172,35,YQi-329
4175,93,nOW-125
4177,25,buK-973
4180,14,tQz-126
4186,5,jBl-256
4190,50,XPc-301
4192,52,VDv-490
4196,88,TgJ-512
4199,22,TaG-030
4202,81,SDZ-032
4211,43,vTH-520
4222,50,Yxu-096
4227,60,sxB-892
4230,71,mIl-304
4239,56,ZLq-525
4242,5,txL-333
4243,57,wyT-907
4244,60,ksT-527
4246,47,Dne-101
4258,28,jaE-364
4263,29,HjZ-097
4264,87,wkX-253
4271,27,ToU-627
4275,42,gAu-187
4279,52,yUL-370
4292,8,fkh-203
4296,57,JPt-708
4297,67,dBk-032
4307,19,Qng-637
4308,77,WUq-824
4321,24,zML-995
4323,15,Xhn-672
4324,54,weT-440
4327,39,tLf-800
4331,28,jxo-742
4333,64,pKe-935
4340,100,agK-769
4341,66,gGu-691
4342,54,UDF-679
4348,22,JUE-811
4351,80,KYJ-920
4353,9,BOd-578
4354,16,ceE-077
4358,94,Wus-672
4361,84,vkI-520
4365,2,NCK-433
4374,1,BmX-948
4375,77,ZFs-287
4394,88,GEl-005
4397,10,sGb-974
4401,83,qny-454
4405,72,iev-434
4406,100,HYQ-780
4407,87,BNJ-576
4414,43,VTf-783
4416,18,BRw-181
4420,68,hqj-832
4424,89,Vsf-372
4426,53,kau-561
4429,66,kyd-319
4437,16,jDI-424
4450,7,DMK-034
4465,30,PJG-715
4469,92,XvQ-638
4470,29,dRq-212
4477,81,CkH-487
4482,32,Oby-000
4490,27,LxY-560
4496,8,hly-539
4497,14,NWJ-216
4501,40,jCZ-983
4503,56,Mcb-194
4506,83,QDa-420
4508,24,wcm-172
4509,56,RDI-735
4514,93,cJK-608
4517,72,nbl-797
4519,72,giT-010
4527,52,erq-392
4528,11,eUN-124
4536,56,rnI-283
4537,67,AdY-136
4538,23,EHE-005
4544,42,AJE-607
4547,53,xwI-942
4549,21,nEp-178
4550,17,lsH-840
4552,81,Ofa-921
4563,20,aSp-150
4570,16,peq-720
4571,52,NnJ-860
4572,67,Sxk-245
4573,74,UWa-267
4579,20,Agx-600
4586,81,plR-708
4593,54,Rzk-439
4597,37,Ljx-164
4601,62,jDW-247
4603,42,vOi-955
4617,70,bus-705
4622,15,cjN-584
4624,93,PNG-363
4635,90,sNf-443
4641,32,fRU-886
4644,12,PbD-765
4660,81,mce-742
4661,87,agj-777
4671,89,Oyy-868
4672,31,hjt-965
4673,45,ABD-780
4675,7,Afm-444
4677,33,YtH-640
4683,41,OTI-812
4691,29,HzZ-302
4694,2,lKY-455
4705,2,FqK-372
4709,94,Evh-175
4715,60,SFL-927
4726,41,xXg-069
4727,99,ECS-245
4739,8,VhG-475
4740,44,UtV-399
4742,75,VAh-085
4748,99,wDu-665
4756,54,tsN-866
4760,64,hnX-139
4766,88,SVm-267
4768,97,ILp-381
4769,48,Ann-311
4773,53,rsM-725
4774,27,Efq-822
4776,32,iKk-198
4778,47,SSH-716
4780,48,MIC-828
4781,70,Ihv-445
4793,21,feC-367
4802,6,rSx-537
4806,93,IHZ-610
4811,88,RTE-447
4812,29,HAG-483
4816,67,wFo-143
4823,21,NzG-177
4842,51,PKm-172
4845,91,wpg-285
4853,66,MtR-648
4854,62,FVW-793
4857,12,pRR-415
4865,51,Uwz-637
4872,9,zpF-986
4876,74,wGg-134
4887,80,SEG-150
4888,95,LJH-345
4889,4,fni-971
4890,43,MpP-363
4891,40,rBO-485
4892,33,GrX-291
4894,41,Qjj-663
4896,36,NIP-062
4903,77,IGk-406
4910,7,RqO-390
4921,6,tXi-724
4923,32,xPW-278
4926,4,FaO-171
4927,10,MOe-107
4931,62,Iij-129
4939,79,EIs-337
4940,34,WoS-941
4943,68,uKp-472
4950,51,aRY-017
4958,44,yRF-306
4959,44,JKO-051
4962,59,czn-527
4963,9,GaV-911
4968,52,hlF-403
4977,80,EiS-478
4983,52,TFF-265
4984,40,UML-857
4989,77,vnJ-438
4994,19,TxD-668
5009,39,OSs-002
5010,22,fPY-268
5013,98,KSm-939
5018,31,gjR-167
5023,26,tEZ-035
5024,4,FJV-635
5026,55,MdN-382
5028,70,DEP-608
5031,73,kDf-508
5037,92,psG-951
5049,23,eeI-043
5053,27,uBR-074
5055,23,OQC-718
5057,23,IPj-957
5063,74,qsw-046
5066,72,Kso-196
5071,89,XXo-629
5074,41,JyY-745
5076,90,LHg-125
5088,41,mIb-318
5090,30,vnu-267
5093,73,vvA-295
5099,27,uFJ-292
5104,21,RIc-228
5108,81,fOI-911
5118,64,vVE-863
5128,74,Xzs-257
5142,95,weG-486
5143,82,Cpk-302
5147,31,uDC-386
5148,16,FZw-170
5150,12,tlP-958
5155,51,MCl-788
5159,47,KcD-816
5175,82,ahD-818
5180,34,lsk-344
5192,38,KWK-049
5194,10,fce-751
5198,92,ThA-821
5203,44,EbS-838
5208,97,sbe-681
5209,29,FvD-159
5212,61,tvD-929
5216,54,Pax-896
5226,29,QYs-636
5251,5,ZPW-302
5255,13,jiO-614
5258,2,IKs-145
5260,94,gaO-825
5261,47,oAh-618
5265,63,iFZ-973
5269,94,fWW-847
5271,76,dUw-431
5274,36,Mll-853
5275,40,ORH-996
5276,79,UhL-487
5278,24,MUA-143
5280,18,ueW-296
5287,96,YDt-430
5292,17,wuH-426
5301,8,oRr-385
5306,51,ZtG-439
5308,20,ajg-785
5315,71,tXH-880
5318,84,KxV-976
5322,61,iHr-697
5323,8,sWw-479
5326,88,THh-668
5327,81,BaQ-502
5329,32,DrC-415
5330,66,Rfe-820
5332,18,tCz-658
5337,9,UaV-721
5344,49,KRc-973
5346,71,upe-151
5351,9,ZKL-485
5361,13,WRL-689
5364,42,wnI-301
5367,52,bga-621
5384,62,Snk-306
5396,67,osQ-612
5399,85,bax-480
5400,47,OUd-845
5401,96,Qtb-052
5408,30,TRh-609
5420,16,nhL-302
5429,73,eQq-779
5430,92,mmU-578
5434,66,kWI-275
5435,43,NIB-643
5440,61,sey-858
5442,15,VGG-059
5444,87,OzL-226
5445,17,Rsa-881
5446,30,xHd-953
5447,26,PqX-563
5451,81,vSZ-555
5460,32,cSw-326
5466,87,duK-310
5474,81,DPh-496
5475,3,HOn-147
5479,96,QtE-470
5485,74,xXt-870
5486,70,YIh-146
5492,67,LSC-747
5494,14,cKd-988
5495,37,eQF-591
5496,53,lpn-644
5499,46,ohh-102
5501,51,rGR-348
5502,91,YcB-300
5511,13,Nkz-047
5515,66,SaT-171
5516,94,kon-038
5525,76,BPi-611
5527,19,Mgu-133
5528,5,Vda-512
5531,54,IaF-600
5535,47,TvJ-901
5554,27,ZMS-640
5563,22,nrk-551
5573,100,Zfu-616
5588,30,CJz-099
5590,68,PMH-802
5594,31,Owc-456
5600,71,JHP-592
5604,58,dAh-731
5610,71,abB-358
5612,25,jJx-126
5614,72,Muz-582
5618,63,ycy-354
5620,97,XLz-183
5622,79,QVY-453
5623,66,OCX-782
5633,86,JEv-798
5635,29,nxU-605
5638,59,DRB-015
5641,65,nMf-573
5644,77,aaZ-376
5654,81,kzI-664
5656,59,AYx-189
5658,98,blE-565
5664,70,AhW-116
5667,49,WtB-047
5680,33,bhL-508
5684,51,lQn-790
5687,96,UOx-987
5688,16,Kwv-462
5702,87,QHw-477
5705,3,uAS-675
5711,44,QBh-005
5715,52,yNv-650
5719,45,Uhn-026
5724,21,Fae-126
5728,64,qjj-465
5734,55,cGX-473
5736,74,MCX-653
5737,17,GpW-126
5740,13,nNI-961
5754,39,wGT-562
5759,47,pFZ-924
5766,60,dTB-605
5767,58,dCz-457
5770,100,Bxr-672
5773,81,GLs-748
5782,51,NtU-428
5786,11,VUr-854
5795,97,dCk-999
5797,82,AgG-366
5800,42,pwl-604
5801,1,PXW-079
5802,32,Rds-999
5805,4,NRO-390
5810,90,LoF-620
5811,61,koY-194
5812,39,EUD-342
5818,91,SvJ-465
5830,100,wqW-707
5833,5,fss-375
5835,83,XaQ-574
5836,71,Umw-846
5838,73,XTD-222
5842,23,qHB-133
5844,31,WQN-863
5845,44,BKB-068
5852,57,MTT-250
5863,63,IUJ-115
5864,8,iMs-912
5866,46,Byb-281
5875,55,zSp-593
5876,51,EcE-366
5877,28,moK-890
5879,11,ZFN-908
5886,44,vLL-610
5896,83,psz-885
5898,52,mZe-075
5902,55,Bgt-110
5905,57,bjR-498
5915,15,bXM-200
5926,39,JFa-267
5930,38,ZHn-885
5934,4,EYE-213
5936,11,HSo-580
5939,4,ixb-299
5942,33,CyN-878
5943,49,TfT-992
5952,20,Dmd-056
5954,59,EKf-046
5962,12,olT-488
5972,47,XGf-272
5975,49,jNL-726
5980,94,GnS-433
5981,2,KfU-651
5997,36,sKn-956
5999,72,BeZ-508
6000,62,JoP-953
6006,1,xsw-463
6010,16,cPb-602
6032,47,bWb-418
6039,65,GiA-840
6040,39,nEl-083
6047,78,Cfv-581
6058,84,WqV-159
6063,70,hNQ-533
6075,1,SsR-823
6079,76,Ysg-709
6087,72,EpZ-836
6089,50,xGb-334
6107,52,Fmx-010
6118,36,mTR-743
6122,57,ZnB-797
6131,44,UQF-538
6136,45,TVw-850
6138,76,hMt-311
6143,42,jSS-357
6148,59,XjP-283
6155,28,UAN-714
6159,39,dBZ-491
6160,29,LSX-339
6162,8,Xbp-608
6169,56,raX-651
6175,100,snz-254
6184,74,bCB-757
6185,9,NNq-264
6196,23,KWG-628
6199,78,leI-777
6204,66,tws-741
6205,83,siz-884
6206,4,VAg-885
6212,86,agZ-806
6226,48,QUJ-573
6232,6,woS-292
6246,34,qDz-826
6251,3,AeK-436
6258,26,Rln-939
6272,23,PFz-363
6274,13,GHm-530
6276,70,XwO-371
6281,79,zjP-424
6286,30,Cgq-621
6290,49,URN-568
6291,93,vrZ-953
6292,31,qYX-599
6294,86,Sqg-911
6298,86,JKN-320
6299,29,BRS-615
6303,80,bXk-389
6306,21,zJD-283
6307,32,kll-043
6308,70,HrX-131
6312,90,osP-957
6329,21,ToU-343
6333,56,Cnd-267
6345,62,fCx-521
6358,74,Vfq-386
6359,65,SiF-909
6367,10,you-309
6370,72,Ahw-058
6373,51,tPb-505
6375,77,eVc-258
6383,47,rnb-135
6385,51,mWq-251
6387,54,WUS-736
6389,13,xtX-431
6394,74,HBQ-614
6398,87,GSo-058
6400,65,kLb-841
6402,4,IeR-056
6409,91,Rll-728
6411,72,czH-900
6414,66,qUy-174
6417,32,cMf-281
6420,72,WEl-841
6421,44,GxO-939
6435,52,RLM-986
6436,90,KUF-431
6441,82,KcI-811
6452,85,kBV-356
6469,100,VPh-336
6487,48,Oey-942
6489,14,ncm-763
6493,67,xSP-962
6495,100,ckC-325
6498,53,jpz-861
6506,61,orw-407
6518,100,Dly-239
6522,94,nxj-033
6524,52,Pux-246
6534,76,MsL-528
6536,90,PCO-457
6544,64,zCc-413
6557,29,Nbf-567
6559,27,tbO-927
6561,69,UBt-191
6563,37,UTz-466
6565,95,UYs-736
6570,64,VBU-052
6572,27,lgA-136
6575,86,fMW-839
6576,20,nEl-285
6579,42,peA-477
6586,86,MZp-330
6589,79,gop-229
6590,29,IGp-995
6594,75,XIY-741
6600,33,xVE-284
6615,40,paL-320
6621,36,OFy-406
6625,8,uQA-902
6626,71,CWB-360
6630,88,mnZ-857
6644,17,HfR-252
6648,5,VzX-829
6649,39,QAG-383
6659,9,Qwe-070
6662,95,THk-058
6667,21,qiK-413
6675,81,ZZJ-926
6679,85,oMH-908
6681,96,iXG-345
6687,74,GGM-329
6689,51,hnG-600
6691,9,hlv-609
6700,39,VSq-907
6701,88,VYy-166
6705,5,UZJ-207
6707,46,tCN-533
6710,46,lQj-811
6712,52,FYT-988
6715,87,nrO-560
6716,48,MDT-333
6718,68,lEe-441
6721,73,cBZ-556
6726,64,KTg-531
6730,58,cvb-961
6739,72,hQn-332
6741,22,wPp-694
6742,89,dSs-561
6746,32,oCP-695
6754,61,nVw-759
6767,32,dnh-309
6772,38,kkp-697
6775,6,JDu-558
6776,22,Erz-343
6782,28,vqX-462
6783,55,mqT-819
6784,56,Eal-805
6795,37,UoX-981
6797,81,iJa-716
6808,8,pUE-823
6816,21,WYw-816
6823,15,ejW-022
6835,57,PqG-012
6836,78,QxF-410
6848,82,hey-108
6849,47,TlB-847
6858,80,JlJ-650
6866,16,QcD-843
6871,37,pMh-658
6872,96,wXc-820
6874,20,KGW-540
6883,81,Quc-877
6885,19,OuI-481
6889,100,hrz-508
6899,63,wvc-183
6913,32,NKM-019
6915,28,WKu-900
6916,24,HLE-629
6922,51,gGh-473
6931,91,vjL-080
6933,25,IFN-721
6934,56,WfK-985
6936,71,lnC-266
6939,18,QcR-374
6943,24,kaz-949
6950,84,eBn-748
6952,68,tcK-851
6953,50,ABp-834
6956,6,pHB-441
6960,84,glk-599
6962,8,Ehq-948
6963,8,DtR-403
6966,48,egB-707
6969,22,gYd-524
6991,70,pcG-338
6994,62,SVp-596
6997,4,lSu-726
7000,22,aYD-232
7001,90,xXk-688
7014,42,szs-081
7018,22,Xgi-424
7022,45,LDR-224
7030,36,DyV-606
7040,27,mCv-720
7043,45,NDG-608
7044,27,DSh-804
7046,22,FFR-499
7061,76,Umt-591
7062,82,GHa-657
7064,30,NUE-925
7072,41,otf-665
7080,72,Ohn-929
7091,69,EBo-308
7107,73,Ply-989
7108,93,Mis-610
7111,50,SAH-241
7112,25,gLv-369
7116,27,jog-707
7120,50,WgM-713
7127,11,JkM-072
7132,1,tsI-121
7137,89,wLV-732
7138,58,pcl-950
7139,77,cHa-766
7146,85,SOx-498
7152,36,zdC-138
7156,15,rIJ-653
7157,6,BGa-168
7161,33,ctr-315
7164,5,pBD-858
7199,44,kDR-991
7204,69,zyo-427
7205,97,VdV-256
7207,71,JAs-378
7208,16,lLr-983
7219,62,nup-611
7234,61,lHD-621
7235,76,lEa-685
7250,20,nND-512
7255,30,fCw-785
7261,65,stL-945
7262,9,PCd-043
7263,31,eyK-638
7268,60,KHQ-277
7273,33,XVQ-044
7275,13,idz-076
7277,35,Kal-787
7281,67,LMu-067
7286,52,Zls-375
7293,56,Ald-918
7295,41,xpe-604
7301,91,Iav-299
7317,66,gew-586
7320,76,ZbE-626
7323,67,JCW-785
7325,73,bND-206
7331,46,EyQ-054
7338,11,ihQ-116
7343,6,yHB-924
7355,63,TEt-833
7357,93,MLB-011
7363,18,RoI-469
7366,21,NUr-301
7374,79,Suu-426
7384,98,TfR-305
7386,77,cQq-243
7388,49,nhy-991
7398,97,owF-538
7400,84,joJ-519
7404,53,Vgw-012
7407,10,Adn-813
7420,53,aSh-223
7429,32,HRj-642
7430,94,CYo-105
7431,69,pAb-795
7439,60,Iip-362
7452,100,ZIx-015
7454,18,EZK-120
7464,87,ysa-810
7482,43,sLs-057
7484,65,XMt-826
7494,66,Cth-491
7496,49,lpb-841
7500,58,xSL-250
7506,73,afK-760
7517,44,Lef-673
7518,29,yVt-018
7519,75,HUv-204
7520,34,IhS-637
7526,30,Cee-571
7527,41,mcY-944
7542,100,qJK-740
7550,16,MPu-769
7555,13,Wzh-512
7562,51,Xch-099
7569,14,qlx-305
7571,13,Vwd-889
7573,45,QtB-334
7577,65,kNb-326
7592,13,zpm-363
7593,14,Kes-590
7600,54,qZS-407
7607,81,ELf-719
7612,53,ydH-908
7615,85,PPn-294
7617,48,uVq-542
7619,58,bAr-491
7621,30,xfh-350
7626,42,Diz-019
7633,30,QkN-443
7649,86,vst-935
7658,53,yDE-443
7674,62,Owh-792
7683,77,mAA-377
7687,51,LwT-195
7690,66,KQX-951
7691,45,qyN-854
7693,22,cAp-143
7700,74,msx-312
7701,88,WRt-263
7703,90,FtA-873
7715,38,Atk-527
7723,18,dYC-002
7727,11,cZR-234
7729,46,hek-535
7731,91,NWy-640
7738,98,pdE-331
7745,54,khb-265
7750,91,eBu-872
7761,29,mvY-757
7765,21,kzw-487
7772,1,wFH-769
7785,58,gtE-531
7805,50,aax-447
7811,17,yAc-292
7823,71,hOF-437
7829,63,HVK-715
7830,18,tje-687
7835,22,RMA-511
7837,66,phO-141
7839,35,zOd-808
7846,68,Ivt-118
7848,23,yVh-436
7851,17,CDD-302
7854,51,ZZS-943
7858,90,tXF-291
7863,12,FVZ-589
7868,80,qRc-941
7869,13,skD-116
7873,83,YmS-146
7876,80,IXv-451
7880,11,lke-687
7885,3,FVl-305
7887,80,fyi-932
7888,30,UDc-091
7902,99,hCi-113
7903,94,SOp-852
7918,21,buj-072
7927,87,ECZ-472
7932,80,Qrw-692
7946,90,gkA-184
7949,83,TOW-490
7952,97,PBR-313
7966,67,nzP-800
7973,87,uAw-596
7976,4,FyL-050
7978,54,lUu-362
7981,62,Qdb-459
7992,77,SnL-419
7994,22,nGH-550
7996,72,owl-397
8005,31,Wwn-201
8006,30,Ppw-702
8009,40,diZ-889
8011,40,YEx-511
8033,82,BxR-145
8050,54,bab-134
8052,7,zUn-974
8063,16,eLj-695
8068,35,wyj-712
8079,90,HlX-178
8080,20,cQj-111
8083,78,nVN-345
8102,54,oSm-955
8103,61,uhr-278
8123,37,Hle-205
8124,44,bhi-517
8128,73,UYl-941
8134,28,ief-364
8138,11,Bmo-818
8139,10,RpZ-373
8142,43,uch-734
8146,72,mnR-708
8157,53,Ckk-002
8160,11,POL-613
8174,82,oCP-527
8179,90,oEd-851
8180,70,iBc-150
8182,41,FsP-119
8188,37,ydA-223
8191,62,DAF-342
8192,76,ynL-780
8204,46,HkM-167
8209,53,ZjQ-796
8211,99,YBj-240
8213,35,abH-417
8215,97,lpO-544
8218,34,tKn-943
8220,6,ieG-837
8222,27,tAR-047
8225,42,OfL-399
8227,20,HHc-010
8232,66,QqO-449
8236,84,nRx-005
8243,38,HTv-193
8251,11,Xgy-026
8258,91,BPP-758
8263,41,mXw-778
8269,23,kPw-789
8271,66,iIj-863
8272,96,SgN-441
8275,35,kaC-179
8280,59,ZYK-403
8285,83,Vqx-517
8293,65,Sgo-233
8294,39,eDH-263
8296,87,Ukp-073
8297,100,hrl-693
8312,60,bAh-526
8317,93,Zmj-959
8327,27,vqw-484
8330,71,Ekn-910
8332,93,jjG-948
8333,44,JSs-268
8338,69,apR-580
8354,4,cyl-229
8363,83,rom-015
8372,7,kuq-627
8374,9,Bai-075
8379,8,DCY-359
8383,25,isH-684
8385,50,kqy-446
8388,23,mRY-330
8392,70,JCy-678
8394,3,shh-618
8396,56,Xtx-238
8397,54,vGh-202
8404,77,hcE-207
8424,79,vxd-455
8427,78,Lvi-192
8429,23,JYk-604
8430,98,jpc-226
8436,33,Mrp-962
8439,72,ZAu-061
8443,86,kjG-833
8449,80,dRN-761
8457,51,Dck-047
8459,70,Mji-807
8461,62,ezK-015
8472,92,sZy-542
8495,23,YmU-832
8502,55,wVz-353
8504,19,iOt-926
8505,61,cNk-287
8507,83,GNm-628
8508,36,IaS-839
8509,90,NUt-566
8510,29,GQx-235
8522,57,QbN-639
8523,69,dXx-353
8524,24,Gvz-656
8534,17,qqa-891
8536,16,NSd-793
8538,43,hmb-314
8540,10,UFn-398
8543,53,pkv-600
8546,21,fGW-945
8553,46,JLD-364
8555,4,xhC-146
8559,84,LRr-069
8569,16,yFY-953
8580,56,ajJ-852
8581,78,Fvx-028
8588,55,dxI-445
8592,31,INn-273
8603,50,ORo-874
8604,70,lyL-607
8612,21,hVf-369
8630,32,UmS-871
8634,94,mkq-013
8636,19,dqW-393
8639,70,nlB-213
8640,7,uMK-655
8648,85,fbP-917
8650,60,zOl-790
8651,5,QVT-737
8655,5,erY-543
8658,27,Rot-237
8667,76,zBG-630
8670,28,GAi-811
8675,17,REi-428
8680,4,jen-127
8684,90,ifL-048
8687,20,DHu-257
8688,69,TDr-540
8689,32,CpQ-181
8692,67,ayO-566
8694,1,jDV-193
8696,70,wZm-620
8698,56,bHt-454
8702,80,hJM-086
8705,85,iZR-534
8707,40,gfS-576
8708,66,yRE-126
8712,24,NzQ-043
8713,35,xhx-859
8715,60,MIO-501
8718,29,CdG-236
8723,95,HOw-961
8728,79,JsF-501
8732,12,GHc-476
8737,37,THK-872
8742,36,loN-147
8745,23,jdX-012
8749,21,ZNu-893
8754,67,wPC-773
8761,98,oNY-162
8764,60,YiY-374
8765,79,MjA-244
8774,24,gQA-298
8780,4,NqJ-391
8782,4,RHY-671
8784,74,qWu-659
8785,24,Cst-914
8795,100,Bmk-658
8804,75,Uiv-699
8810,19,EgU-515
8814,55,Flp-345
8816,32,vQR-648
8818,86,xzx-800
8819,10,LPu-100
8820,27,tcB-532
8830,83,JCr-129
8832,88,Knw-114
8835,8,kcf-994
8836,17,qDS-967
8837,68,MyC-886
8846,17,NNg-589
8849,51,Kev-913
8854,100,cGa-931
8855,54,kyG-046
8867,99,Mrn-342
8873,19,vDN-174
8876,43,jAG-900
8882,94,nMX-106
8886,52,GTX-291
8889,87,UDp-132
8891,96,HQe-794
8898,58,OAI-449
8903,83,crd-412
8908,41,xtM-994
8922,7,ACx-504
8927,65,pzI-740
8931,1,SZs-049
8933,67,aTa-918
8937,94,QSP-033
8938,38,NYw-223
8942,99,ZWP-358
8946,78,FJJ-397
8952,17,hbq-406
8954,71,yVZ-500
8956,30,jHq-752
8962,20,DQE-399
8970,19,cCN-432
8973,14,WtN-058
8976,44,cmP-339
8983,96,tda-837
8985,67,qMQ-268
8987,34,KzD-196
8989,100,Gez-373
8992,12,yqT-801
9003,4,dmw-229
9004,93,Znj-798
9007,48,zQt-463
9017,99,Irm-967
9020,97,ATM-406
9024,51,MXI-030
9025,89,qTN-657
9029,29,njI-948
9038,18,QDg-194
9041,95,Ixe-088
9042,18,OoW-211
9046,13,lVP-056
9052,2,Qqh-990
9065,89,kvT-985
9067,19,PKN-407
9069,64,yeh-333
9074,49,HPF-279
9077,9,FSU-378
9083,6,qoQ-228
9084,22,yoK-258
9087,85,HuF-454
9089,50,DSl-468
9101,65,wsR-625
9102,30,zCj-383
9107,29,xmG-179
9111,56,wrx-825
9122,15,jVd-581
9125,15,KDp-819
9130,60,AUd-698
9132,9,JDK-107
9134,21,grb-469
9141,96,sYy-869
9142,63,jOX-868
9144,92,Ovd-647
9155,10,fPl-691
9159,96,csr-652
9165,73,ZGO-764
9172,23,bQj-279
9176,27,Ego-634
9183,93,MEe-868
9184,65,aLo-336
9191,41,GKT-980
9193,29,Hkl-612
9195,73,jVH-359
9198,99,HWC-758
9202,85,BPl-737
9205,7,Jdd-730
9211,29,GmL-416
9212,7,AMQ-454
9214,48,TZI-670
9216,45,Ntn-015
9220,56,zQU-141
9231,95,QqC-059
9234,52,Vdg-458
9237,93,yLW-580
9245,64,EhH-232
9264,33,jxi-921
9273,3,WSX-837
9274,90,apM-636
9288,22,FjC-286
9291,30,dTa-706
9294,94,WDs-134
9296,93,nrz-520
9300,49,dYs-780
9301,17,Zoq-687
9302,30,cPZ-746
9312,88,EcS-889
9316,47,kQv-936
9323,21,trd-678
9332,19,jMl-604
9345,96,HSK-687
9350,33,rsC-762
9354,67,rTb-983
9357,3,poV-942
9358,92,KCF-182
9359,42,zXi-345
9361,62,Azj-634
9362,30,sJc-232
9364,15,qgz-994
9376,43,ysO-504
9377,55,taX-704
9381,46,YNA-624
9382,14,aoZ-242
9387,58,KFb-322
9392,76,hNj-629
9396,41,NBG-060
9397,78,ruS-932
9401,17,IQL-417
9408,1,ERz-255
9409,80,LJz-869
9410,46,MNB-374
9411,64,DmJ-082
9416,87,YEn-207
9420,68,YqY-704
9421,58,eHk-169
9424,12,Xpj-775
9426,28,DyV-080
9434,54,bre-177
9440,28,rou-403
9445,35,hfP-879
9447,90,SSW-287
9459,17,nFw-237
9468,8,rhb-204
9487,39,nSh-619
9488,22,Aji-172
9506,39,yab-933
9512,25,XMd-666
9525,44,GYL-452
9533,20,Dwz-943
9546,71,vVT-980
9548,54,WGI-339
9549,11,VHi-425
9550,63,VOM-542
9551,5,dhn-793
9560,19,ovl-642
9565,21,Dgh-516
9567,12,UUd-143
9569,75,CAg-586
9570,79,dyW-762
9572,29,KDA-032
9574,41,Vhm-315
9575,5,Uvq-533
9586,38,seN-646
9590,96,TbY-738
9595,35,dLc-423
9597,72,GCi-568
9600,47,Ijq-488
9608,89,exK-286
9632,44,UTd-472
9637,74,YMb-216
9647,75,JqJ-408
9649,3,RfX-717
9655,48,kwC-703
9657,79,xLD-175
9661,28,rpp-133
9673,4,ujw-670
9677,11,PXK-057
9679,12,wCG-932
9682,9,cuL-099
9688,70,Plj-796
9689,32,kAA-510
9692,8,Clb-385
9702,89,vRu-730
9704,95,pOD-109
9708,25,ehu-228
9709,38,hJn-382
9715,64,Uoh-988
9720,88,uQn-469
9725,32,iwD-396
9734,35,qEY-790
9740,11,eJo-104
9747,74,HJD-862
9751,56,JZE-309
9754,13,Wfv-394
9755,9,SCP-499
9762,70,dUb-180
9763,83,WwZ-609
9769,38,zUv-181
9772,11,uWV-963
9779,23,kDw-298
9789,39,Ymr-090
9791,2,IUy-892
9799,90,bet-714
9800,60,gTS-331
9808,64,Qzu-823
9812,62,Jid-024
9816,11,nNG-130
9823,10,UFb-314
9825,97,phv-362
9829,46,KRT-826
9842,23,Rhf-511
9851,42,Hjx-529
9858,96,oxs-142
9860,76,eMd-798
9862,49,KHo-709
9863,72,QqU-697
9864,4,qsg-311
9866,79,Wrb-713
9871,99,JXo-939
9875,71,hNA-362
9877,5,kdE-837
9902,35,Qek-204
9911,76,djf-931
9918,23,LCX-837
9926,96,ssU-442
9933,92,fhH-093
9936,5,Fmq-789
9952,13,PFi-738
9954,29,JdC-705
9955,96,YQD-688
9957,73,bhg-966
9959,16,Cmk-891
9963,75,DLY-068
9969,12,Xmh-308
9979,26,UDO-098
9985,5,sgO-708
9989,98,TBf-913
9998,43,zHT-869
9999,1,rkQ-173
10002,11,ZWd-657
10003,16,PKS-205
10006,45,Tvd-250
10010,1,yyD-956
10011,1,OUF-036
10012,1,qVf-723
10015,17,cyg-613
10016,17,mkj-055
10019,1,dLe-589
10020,1,Inj-424
10021,5,TRn-031
10022,9,Bpg-873
